,root_ty,BP_tx,BP_ty,BP_tz,BT_tx,BT_ty,BT_tz,BLN_tx,BLN_ty,BLN_tz,BUN_tx,BUN_ty,BUN_tz,LS_tx,LS_ty,LS_tz,LE_tx,LE_ty,LE_tz,LW_tx,LW_ty,LW_tz,RS_tx,RS_ty,RS_tz,RE_tx,RE_ty,RE_tz,RW_tx,RW_ty,RW_tz,LH_tx,LH_ty,LH_tz,LK_tx,LK_ty,LK_tz,LA_tx,LA_ty,LA_tz,LMrot_tx,LMrot_ty,LMrot_tz,LF_tx,LF_ty,LF_tz,RH_tx,RH_ty,RH_tz,RK_tx,RK_ty,RK_tz,RA_tx,RA_ty,RA_tz,RMrot_tx,RMrot_ty,RMrot_tz,RF_tx,RF_ty,RF_tz,root_Vx,root_Vz,root_Ry,feet_l1,feet_l2,feet_r1,feet_r2
0,550.5049295207709,-0.2837463675571922,627.3031111906395,-8.650267298203007,7.7100492759396,735.4138657442022,5.807678673917021,9.896032182829263,774.9141398113077,-2.4895768990846836,11.9849337070923,797.2052463857099,-18.686593804111617,114.0403045776833,765.7099564762264,-1.8217933328888571,143.52265279063113,640.4900890756358,73.1748367455394,128.05569466150618,543.6938703621229,66.29563684348523,-94.24824021202467,784.1183231463826,-3.1573604652805005,-136.93303006464504,665.1353540330632,70.0444679871043,-131.827004609797,568.9179859943627,67.55526705808994,50.68834426113206,550.4488707737746,-0.6439780111724365,89.78490303532115,328.7334026453553,-38.23364436344959,107.30848624286764,111.93391518331089,32.374498111515514,109.82196971025559,92.09984270133711,14.207594939324698,123.00134707846408,71.61167688905788,-29.80164409858189,-50.691886508722526,550.5609882677647,0.6825163602269991,-76.04475359494133,326.4620040063729,-29.920960119291156,-86.28934222498857,106.94024478512715,32.84921662277791,-90.8400271164176,87.74217175833262,14.709573500988759,-108.16011575766038,68.55855395419084,-28.468769122778493,-0.07976404688011252,-2.445936695792176,0.0002067506677437058,2.0069104616897516e-05,1.3379403077931679e-05,2.6758806155863358e-05,2.6758806155863358e-05
