,root_ty,BP_tx,BP_ty,BP_tz,BT_tx,BT_ty,BT_tz,BLN_tx,BLN_ty,BLN_tz,BUN_tx,BUN_ty,BUN_tz,LS_tx,LS_ty,LS_tz,LE_tx,LE_ty,LE_tz,LW_tx,LW_ty,LW_tz,RS_tx,RS_ty,RS_tz,RE_tx,RE_ty,RE_tz,RW_tx,RW_ty,RW_tz,LH_tx,LH_ty,LH_tz,LK_tx,LK_ty,LK_tz,LA_tx,LA_ty,LA_tz,LMrot_tx,LMrot_ty,LMrot_tz,LF_tx,LF_ty,LF_tz,RH_tx,RH_ty,RH_tz,RK_tx,RK_ty,RK_tz,RA_tx,RA_ty,RA_tz,RMrot_tx,RMrot_ty,RMrot_tz,RF_tx,RF_ty,RF_tz,root_Vx,root_Vz,root_Ry,feet_l1,feet_l2,feet_r1,feet_r2
0,10885.125266838295,74.69511024150977,11224.618112096621,223.20411446165286,901.2089454326106,12225.072202561656,2198.2485634519408,1371.412958034463,12975.366292742896,2932.954765500637,1726.9028598576722,13437.936769933789,3290.5395775142642,1286.5135243703899,13576.866984873312,3003.3588602501027,4352.985372966428,17307.002614188357,8156.360852616495,11538.290460827415,24291.48168204591,16628.9801574246,1603.7980488643898,14262.253765563946,3164.292051824802,4261.0550976950835,18322.003306624305,9311.48889355532,11034.72562990785,24699.016137453204,17932.48128777697,8.366034341673185,11020.069835892587,103.72715898169076,1774.9214833294236,11356.083472461192,4472.642600372659,5198.645198822731,12820.037216999524,10415.934243510306,5691.811723705123,12965.727594181864,11594.135602155488,6394.970735714916,13005.901643106186,13918.523560962429,8.62493762308668,10809.160819261451,103.85098945906181,1642.8179003040104,11094.87931083671,4653.109932381503,4660.381969339053,13134.050974074547,10133.646446668186,5200.8093532493385,13339.111510873085,11332.54931774192,5948.961755381068,13487.282095326613,13637.792303891292,4.5947462592916075,22.78249530669223,4.662109560358416e-05,2.006870184793739e-05,1.3379224069504957e-05,2.675809012215647e-05,2.675809012215647e-05
